{"cameraMode":{"drawMode":0,"name":"Shaded","section":"Shading Mode"},"sceneLighting":false,"audioPlay":false,"sceneViewState":{"m_AlwaysRefresh":false,"showFog":true,"showSkybox":false,"showFlares":true,"showImageEffects":true,"showParticleSystems":true,"showVisualEffectGraphs":true,"m_FxEnabled":true},"in2DMode":false,"pivot":{"x":14.472312927246094,"y":2.7424213886260988,"z":-1.634155511856079},"rotation":{"x":-0.02217172458767891,"y":0.03897592052817345,"z":0.000864857342094183,"w":0.9989904761314392},"size":9.658668518066407,"orthographic":true}