{"cameraMode":{"drawMode":0,"name":"Shaded","section":"Shading Mode"},"sceneLighting":false,"audioPlay":false,"sceneViewState":{"m_AlwaysRefresh":false,"showFog":true,"showSkybox":false,"showFlares":true,"showImageEffects":true,"showParticleSystems":true,"showVisualEffectGraphs":true,"m_FxEnabled":true},"in2DMode":false,"pivot":{"x":10.952351570129395,"y":-3.1444523334503176,"z":-2.007758378982544},"rotation":{"x":-0.018947185948491098,"y":-0.15830637514591218,"z":-0.0030382887925952675,"w":0.9872049689292908},"size":3.697021961212158,"orthographic":true}