{"cameraMode":{"drawMode":0,"name":"Shaded","section":"Shading Mode"},"sceneLighting":false,"audioPlay":false,"sceneViewState":{"m_AlwaysRefresh":false,"showFog":true,"showSkybox":false,"showFlares":true,"showImageEffects":true,"showParticleSystems":true,"showVisualEffectGraphs":true,"m_FxEnabled":true},"in2DMode":false,"pivot":{"x":13.235015869140625,"y":-1.6769206523895264,"z":-1.4696173667907715},"rotation":{"x":-0.02217172458767891,"y":0.03897592052817345,"z":0.000864857342094183,"w":0.9989904761314392},"size":8.714827537536621,"orthographic":true}