{"cameraMode":{"drawMode":0,"name":"Shaded","section":"Shading Mode"},"sceneLighting":false,"audioPlay":false,"sceneViewState":{"m_AlwaysRefresh":false,"showFog":true,"showSkybox":false,"showFlares":true,"showImageEffects":true,"showParticleSystems":true,"showVisualEffectGraphs":true,"m_FxEnabled":true},"in2DMode":false,"pivot":{"x":11.678084373474121,"y":3.281562089920044,"z":-1.5309641361236573},"rotation":{"x":-0.001190520473755896,"y":-0.009003895334899426,"z":-0.000011080984222644474,"w":0.9999569654464722},"size":7.549917221069336,"orthographic":true}