{"cameraMode":{"drawMode":0,"name":"Shaded","section":"Shading Mode"},"sceneLighting":false,"audioPlay":false,"sceneViewState":{"m_AlwaysRefresh":false,"showFog":true,"showSkybox":false,"showFlares":true,"showImageEffects":true,"showParticleSystems":true,"showVisualEffectGraphs":true,"m_FxEnabled":true},"in2DMode":false,"pivot":{"x":0.3715291917324066,"y":0.3003239929676056,"z":-5.630228519439697},"rotation":{"x":-0.018947185948491098,"y":-0.15830637514591218,"z":-0.0030382887925952675,"w":0.9872049689292908},"size":5.208001136779785,"orthographic":true}