{"cameraMode":{"drawMode":0,"name":"Shaded","section":"Shading Mode"},"sceneLighting":false,"audioPlay":false,"sceneViewState":{"m_AlwaysRefresh":false,"showFog":true,"showSkybox":false,"showFlares":true,"showImageEffects":true,"showParticleSystems":true,"showVisualEffectGraphs":true,"m_FxEnabled":true},"in2DMode":false,"pivot":{"x":-1.0572826862335206,"y":-1.0320513248443604,"z":-6.046499729156494},"rotation":{"x":-0.018947185948491098,"y":-0.15830637514591218,"z":-0.0030382887925952675,"w":0.9872049689292908},"size":10.83028793334961,"orthographic":true}