{"cameraMode":{"drawMode":0,"name":"Shaded","section":"Shading Mode"},"sceneLighting":false,"audioPlay":false,"sceneViewState":{"m_AlwaysRefresh":false,"showFog":true,"showSkybox":false,"showFlares":true,"showImageEffects":true,"showParticleSystems":true,"showVisualEffectGraphs":true,"m_FxEnabled":true},"in2DMode":false,"pivot":{"x":-2.347461462020874,"y":3.737043857574463,"z":0.9946405291557312},"rotation":{"x":-0.02217172458767891,"y":0.03897592052817345,"z":0.000864857342094183,"w":0.9989904761314392},"size":7.332009315490723,"orthographic":true}