{"cameraMode":{"drawMode":0,"name":"Shaded","section":"Shading Mode"},"sceneLighting":false,"audioPlay":false,"sceneViewState":{"m_AlwaysRefresh":false,"showFog":true,"showSkybox":false,"showFlares":true,"showImageEffects":true,"showParticleSystems":true,"showVisualEffectGraphs":true,"m_FxEnabled":true},"in2DMode":false,"pivot":{"x":17.184782028198243,"y":1.8524413108825684,"z":-0.15816986560821534},"rotation":{"x":-0.018947185948491098,"y":-0.15830637514591218,"z":-0.0030382887925952675,"w":0.9872049689292908},"size":5.613945007324219,"orthographic":true}