{"cameraMode":{"drawMode":0,"name":"Shaded","section":"Shading Mode"},"sceneLighting":false,"audioPlay":false,"sceneViewState":{"m_AlwaysRefresh":false,"showFog":true,"showSkybox":false,"showFlares":true,"showImageEffects":true,"showParticleSystems":true,"showVisualEffectGraphs":true,"m_FxEnabled":true},"in2DMode":false,"pivot":{"x":-4.996000289916992,"y":-0.8077850341796875,"z":-2.5266685485839845},"rotation":{"x":0.028751157224178315,"y":-0.06143992394208908,"z":0.0017706147627905012,"w":0.997694730758667},"size":4.569605827331543,"orthographic":true}