{"cameraMode":{"drawMode":0,"name":"Shaded","section":"Shading Mode"},"sceneLighting":false,"audioPlay":false,"sceneViewState":{"m_AlwaysRefresh":false,"showFog":true,"showSkybox":false,"showFlares":true,"showImageEffects":true,"showParticleSystems":true,"showVisualEffectGraphs":true,"m_FxEnabled":true},"in2DMode":false,"pivot":{"x":14.796368598937989,"y":-1.4084503650665284,"z":0.16519664227962495},"rotation":{"x":-0.0011804004898294807,"y":-0.13013358414173127,"z":-0.00015529371739830822,"w":0.9914938807487488},"size":12.937707901000977,"orthographic":true}