{"cameraMode":{"drawMode":0,"name":"Shaded","section":"Shading Mode"},"sceneLighting":false,"audioPlay":false,"sceneViewState":{"m_AlwaysRefresh":false,"showFog":true,"showSkybox":false,"showFlares":true,"showImageEffects":true,"showParticleSystems":true,"showVisualEffectGraphs":true,"m_FxEnabled":true},"in2DMode":false,"pivot":{"x":17.929855346679689,"y":-1.688153862953186,"z":-1.406789779663086},"rotation":{"x":-0.001190520473755896,"y":-0.009003895334899426,"z":-0.000011080984222644474,"w":0.9999569654464722},"size":18.47447395324707,"orthographic":true}