{"cameraMode":{"drawMode":0,"name":"Shaded","section":"Shading Mode"},"sceneLighting":false,"audioPlay":false,"sceneViewState":{"m_AlwaysRefresh":false,"showFog":true,"showSkybox":false,"showFlares":true,"showImageEffects":true,"showParticleSystems":true,"showVisualEffectGraphs":true,"m_FxEnabled":true},"in2DMode":false,"pivot":{"x":9.044938087463379,"y":3.1900393962860109,"z":-1.578169584274292},"rotation":{"x":-0.001190520473755896,"y":-0.009003895334899426,"z":-0.000011080984222644474,"w":0.9999569654464722},"size":19.694196701049806,"orthographic":true}