{"cameraMode":{"drawMode":0,"name":"Shaded","section":"Shading Mode"},"sceneLighting":false,"audioPlay":false,"sceneViewState":{"m_AlwaysRefresh":false,"showFog":true,"showSkybox":false,"showFlares":true,"showImageEffects":true,"showParticleSystems":true,"showVisualEffectGraphs":true,"m_FxEnabled":true},"in2DMode":false,"pivot":{"x":22.392366409301759,"y":3.5722219944000246,"z":-1.3388710021972657},"rotation":{"x":-0.001190520473755896,"y":-0.009003895334899426,"z":-0.000011080984222644474,"w":0.9999569654464722},"size":4.6245245933532719,"orthographic":true}