{"cameraMode":{"drawMode":0,"name":"Shaded","section":"Shading Mode"},"sceneLighting":false,"audioPlay":false,"sceneViewState":{"m_AlwaysRefresh":false,"showFog":true,"showSkybox":false,"showFlares":true,"showImageEffects":true,"showParticleSystems":true,"showVisualEffectGraphs":true,"m_FxEnabled":true},"in2DMode":false,"pivot":{"x":5.5393805503845219,"y":-0.5361458659172058,"z":-1.6386367082595826},"rotation":{"x":-0.0011905025457963348,"y":-0.010503820143640042,"z":-0.00001286675160372397,"w":0.9999423027038574},"size":12.11760425567627,"orthographic":true}