{"cameraMode":{"drawMode":0,"name":"Shaded","section":"Shading Mode"},"sceneLighting":false,"audioPlay":false,"sceneViewState":{"m_AlwaysRefresh":false,"showFog":true,"showSkybox":false,"showFlares":true,"showImageEffects":true,"showParticleSystems":true,"showVisualEffectGraphs":true,"m_FxEnabled":true},"in2DMode":false,"pivot":{"x":9.194859504699707,"y":1.386337399482727,"z":-1.5711731910705567},"rotation":{"x":-0.001190520473755896,"y":-0.009003895334899426,"z":-0.000011080984222644474,"w":0.9999569654464722},"size":12.968161582946778,"orthographic":true}