{"cameraMode":{"drawMode":0,"name":"Shaded","section":"Shading Mode"},"sceneLighting":false,"audioPlay":false,"sceneViewState":{"m_AlwaysRefresh":false,"showFog":true,"showSkybox":false,"showFlares":true,"showImageEffects":true,"showParticleSystems":true,"showVisualEffectGraphs":true,"m_FxEnabled":true},"in2DMode":false,"pivot":{"x":12.835000038146973,"y":0.502626895904541,"z":-1.5356686115264893},"rotation":{"x":-0.018947185948491098,"y":-0.15830637514591218,"z":-0.0030382887925952675,"w":0.9872049689292908},"size":20.46319580078125,"orthographic":true}